n_sims,n_success,5%,25%,50%_median,75%,95%,mean,std
10000,9971,169856.2928222799,239444.135627824,311965.1496470694,430240.89014198026,843561.2730164886,416638.723392108,880022.460724452
